image_path,defect_class,has_defect,dataset_source
Positive\crack_0000.jpg,Crack,True,crack_detection
Positive\crack_0001.jpg,Crack,True,crack_detection
Positive\crack_0002.jpg,Crack,True,crack_detection
Positive\crack_0003.jpg,Crack,True,crack_detection
Positive\crack_0004.jpg,Crack,True,crack_detection
Positive\crack_0006.jpg,Crack,True,crack_detection
Positive\crack_0007.jpg,Crack,True,crack_detection
Positive\crack_0008.jpg,Crack,True,crack_detection
Positive\crack_0009.jpg,Crack,True,crack_detection
Positive\crack_0010.jpg,Crack,True,crack_detection
Positive\crack_0011.jpg,Crack,True,crack_detection
Positive\crack_0012.jpg,Crack,True,crack_detection
Positive\crack_0013.jpg,Crack,True,crack_detection
Positive\crack_0014.jpg,Crack,True,crack_detection
Positive\crack_0015.jpg,Crack,True,crack_detection
Positive\crack_0019.jpg,Crack,True,crack_detection
Positive\crack_0020.jpg,Crack,True,crack_detection
Positive\crack_0022.jpg,Crack,True,crack_detection
Positive\crack_0024.jpg,Crack,True,crack_detection
Positive\crack_0027.jpg,Crack,True,crack_detection
Positive\crack_0028.jpg,Crack,True,crack_detection
Positive\crack_0029.jpg,Crack,True,crack_detection
Positive\crack_0030.jpg,Crack,True,crack_detection
Positive\crack_0031.jpg,Crack,True,crack_detection
Positive\crack_0034.jpg,Crack,True,crack_detection
Positive\crack_0037.jpg,Crack,True,crack_detection
Positive\crack_0038.jpg,Crack,True,crack_detection
Positive\crack_0039.jpg,Crack,True,crack_detection
Positive\crack_0048.jpg,Crack,True,crack_detection
Positive\crack_0053.jpg,Crack,True,crack_detection
Positive\crack_0054.jpg,Crack,True,crack_detection
Positive\crack_0063.jpg,Crack,True,crack_detection
Positive\crack_0066.jpg,Crack,True,crack_detection
Positive\crack_0068.jpg,Crack,True,crack_detection
Positive\crack_0071.jpg,Crack,True,crack_detection
Positive\crack_0074.jpg,Crack,True,crack_detection
Positive\crack_0078.jpg,Crack,True,crack_detection
Positive\crack_0088.jpg,Crack,True,crack_detection
Positive\crack_0089.jpg,Crack,True,crack_detection
Positive\crack_0095.jpg,Crack,True,crack_detection
Positive\crack_0096.jpg,Crack,True,crack_detection
Positive\crack_0097.jpg,Crack,True,crack_detection
Positive\crack_0101.jpg,Crack,True,crack_detection
Positive\crack_0103.jpg,Crack,True,crack_detection
Positive\crack_0106.jpg,Crack,True,crack_detection
Positive\crack_0112.jpg,Crack,True,crack_detection
Positive\crack_0118.jpg,Crack,True,crack_detection
Positive\crack_0120.jpg,Crack,True,crack_detection
Positive\crack_0131.jpg,Crack,True,crack_detection
Positive\crack_0135.jpg,Crack,True,crack_detection
Positive\crack_0138.jpg,Crack,True,crack_detection
Positive\crack_0145.jpg,Crack,True,crack_detection
Positive\crack_0152.jpg,Crack,True,crack_detection
Positive\crack_0156.jpg,Crack,True,crack_detection
Positive\crack_0161.jpg,Crack,True,crack_detection
Positive\crack_0163.jpg,Crack,True,crack_detection
Positive\crack_0172.jpg,Crack,True,crack_detection
Positive\crack_0173.jpg,Crack,True,crack_detection
Positive\crack_0182.jpg,Crack,True,crack_detection
Positive\crack_0190.jpg,Crack,True,crack_detection
Positive\crack_0202.jpg,Crack,True,crack_detection
Positive\crack_0204.jpg,Crack,True,crack_detection
Positive\crack_0210.jpg,Crack,True,crack_detection
Positive\crack_0214.jpg,Crack,True,crack_detection
Positive\crack_0218.jpg,Crack,True,crack_detection
Positive\crack_0220.jpg,Crack,True,crack_detection
Positive\crack_0222.jpg,Crack,True,crack_detection
Positive\crack_0224.jpg,Crack,True,crack_detection
Positive\crack_0232.jpg,Crack,True,crack_detection
Positive\crack_0235.jpg,Crack,True,crack_detection
Positive\crack_0241.jpg,Crack,True,crack_detection
Positive\crack_0248.jpg,Crack,True,crack_detection
Negative\no_crack_0250.jpg,No_Defect,False,crack_detection
Negative\no_crack_0251.jpg,No_Defect,False,crack_detection
Negative\no_crack_0252.jpg,No_Defect,False,crack_detection
Negative\no_crack_0253.jpg,No_Defect,False,crack_detection
Negative\no_crack_0254.jpg,No_Defect,False,crack_detection
Negative\no_crack_0255.jpg,No_Defect,False,crack_detection
Negative\no_crack_0256.jpg,No_Defect,False,crack_detection
Negative\no_crack_0257.jpg,No_Defect,False,crack_detection
Negative\no_crack_0258.jpg,No_Defect,False,crack_detection
Negative\no_crack_0259.jpg,No_Defect,False,crack_detection
Negative\no_crack_0260.jpg,No_Defect,False,crack_detection
Negative\no_crack_0261.jpg,No_Defect,False,crack_detection
Negative\no_crack_0262.jpg,No_Defect,False,crack_detection
Negative\no_crack_0263.jpg,No_Defect,False,crack_detection
Negative\no_crack_0264.jpg,No_Defect,False,crack_detection
Negative\no_crack_0265.jpg,No_Defect,False,crack_detection
Negative\no_crack_0266.jpg,No_Defect,False,crack_detection
Negative\no_crack_0267.jpg,No_Defect,False,crack_detection
Negative\no_crack_0268.jpg,No_Defect,False,crack_detection
Negative\no_crack_0269.jpg,No_Defect,False,crack_detection
Negative\no_crack_0270.jpg,No_Defect,False,crack_detection
Negative\no_crack_0271.jpg,No_Defect,False,crack_detection
Negative\no_crack_0272.jpg,No_Defect,False,crack_detection
Negative\no_crack_0273.jpg,No_Defect,False,crack_detection
Negative\no_crack_0274.jpg,No_Defect,False,crack_detection
Negative\no_crack_0275.jpg,No_Defect,False,crack_detection
Negative\no_crack_0276.jpg,No_Defect,False,crack_detection
Negative\no_crack_0277.jpg,No_Defect,False,crack_detection
Negative\no_crack_0278.jpg,No_Defect,False,crack_detection
Negative\no_crack_0279.jpg,No_Defect,False,crack_detection
Negative\no_crack_0280.jpg,No_Defect,False,crack_detection
Negative\no_crack_0281.jpg,No_Defect,False,crack_detection
Negative\no_crack_0282.jpg,No_Defect,False,crack_detection
Negative\no_crack_0283.jpg,No_Defect,False,crack_detection
Negative\no_crack_0284.jpg,No_Defect,False,crack_detection
Negative\no_crack_0285.jpg,No_Defect,False,crack_detection
Negative\no_crack_0286.jpg,No_Defect,False,crack_detection
Negative\no_crack_0287.jpg,No_Defect,False,crack_detection
Negative\no_crack_0288.jpg,No_Defect,False,crack_detection
Negative\no_crack_0289.jpg,No_Defect,False,crack_detection
Negative\no_crack_0290.jpg,No_Defect,False,crack_detection
Negative\no_crack_0291.jpg,No_Defect,False,crack_detection
Negative\no_crack_0292.jpg,No_Defect,False,crack_detection
Negative\no_crack_0293.jpg,No_Defect,False,crack_detection
Negative\no_crack_0294.jpg,No_Defect,False,crack_detection
Negative\no_crack_0295.jpg,No_Defect,False,crack_detection
Negative\no_crack_0296.jpg,No_Defect,False,crack_detection
Negative\no_crack_0297.jpg,No_Defect,False,crack_detection
Negative\no_crack_0298.jpg,No_Defect,False,crack_detection
Negative\no_crack_0299.jpg,No_Defect,False,crack_detection
Negative\no_crack_0300.jpg,No_Defect,False,crack_detection
Negative\no_crack_0301.jpg,No_Defect,False,crack_detection
Negative\no_crack_0302.jpg,No_Defect,False,crack_detection
Negative\no_crack_0303.jpg,No_Defect,False,crack_detection
Negative\no_crack_0304.jpg,No_Defect,False,crack_detection
Negative\no_crack_0305.jpg,No_Defect,False,crack_detection
Negative\no_crack_0306.jpg,No_Defect,False,crack_detection
Negative\no_crack_0307.jpg,No_Defect,False,crack_detection
Negative\no_crack_0308.jpg,No_Defect,False,crack_detection
Negative\no_crack_0309.jpg,No_Defect,False,crack_detection
Negative\no_crack_0310.jpg,No_Defect,False,crack_detection
Negative\no_crack_0311.jpg,No_Defect,False,crack_detection
Negative\no_crack_0312.jpg,No_Defect,False,crack_detection
Negative\no_crack_0313.jpg,No_Defect,False,crack_detection
Negative\no_crack_0314.jpg,No_Defect,False,crack_detection
Negative\no_crack_0315.jpg,No_Defect,False,crack_detection
Negative\no_crack_0316.jpg,No_Defect,False,crack_detection
Negative\no_crack_0317.jpg,No_Defect,False,crack_detection
Negative\no_crack_0318.jpg,No_Defect,False,crack_detection
Negative\no_crack_0319.jpg,No_Defect,False,crack_detection
Negative\no_crack_0320.jpg,No_Defect,False,crack_detection
Negative\no_crack_0321.jpg,No_Defect,False,crack_detection
Negative\no_crack_0322.jpg,No_Defect,False,crack_detection
Negative\no_crack_0323.jpg,No_Defect,False,crack_detection
Negative\no_crack_0324.jpg,No_Defect,False,crack_detection
Negative\no_crack_0325.jpg,No_Defect,False,crack_detection
Negative\no_crack_0326.jpg,No_Defect,False,crack_detection
Negative\no_crack_0327.jpg,No_Defect,False,crack_detection
Negative\no_crack_0328.jpg,No_Defect,False,crack_detection
Negative\no_crack_0329.jpg,No_Defect,False,crack_detection
Negative\no_crack_0330.jpg,No_Defect,False,crack_detection
Negative\no_crack_0331.jpg,No_Defect,False,crack_detection
Negative\no_crack_0332.jpg,No_Defect,False,crack_detection
Negative\no_crack_0333.jpg,No_Defect,False,crack_detection
Negative\no_crack_0334.jpg,No_Defect,False,crack_detection
Negative\no_crack_0335.jpg,No_Defect,False,crack_detection
Negative\no_crack_0336.jpg,No_Defect,False,crack_detection
Negative\no_crack_0337.jpg,No_Defect,False,crack_detection
Negative\no_crack_0338.jpg,No_Defect,False,crack_detection
Negative\no_crack_0339.jpg,No_Defect,False,crack_detection
Negative\no_crack_0340.jpg,No_Defect,False,crack_detection
Negative\no_crack_0341.jpg,No_Defect,False,crack_detection
Negative\no_crack_0342.jpg,No_Defect,False,crack_detection
Negative\no_crack_0343.jpg,No_Defect,False,crack_detection
Negative\no_crack_0344.jpg,No_Defect,False,crack_detection
Negative\no_crack_0345.jpg,No_Defect,False,crack_detection
Negative\no_crack_0346.jpg,No_Defect,False,crack_detection
Negative\no_crack_0347.jpg,No_Defect,False,crack_detection
Negative\no_crack_0348.jpg,No_Defect,False,crack_detection
Negative\no_crack_0349.jpg,No_Defect,False,crack_detection
Negative\no_crack_0350.jpg,No_Defect,False,crack_detection
Negative\no_crack_0351.jpg,No_Defect,False,crack_detection
Negative\no_crack_0352.jpg,No_Defect,False,crack_detection
Negative\no_crack_0353.jpg,No_Defect,False,crack_detection
Negative\no_crack_0354.jpg,No_Defect,False,crack_detection
Negative\no_crack_0355.jpg,No_Defect,False,crack_detection
Negative\no_crack_0356.jpg,No_Defect,False,crack_detection
Negative\no_crack_0357.jpg,No_Defect,False,crack_detection
Negative\no_crack_0358.jpg,No_Defect,False,crack_detection
Negative\no_crack_0359.jpg,No_Defect,False,crack_detection
Negative\no_crack_0360.jpg,No_Defect,False,crack_detection
Negative\no_crack_0362.jpg,No_Defect,False,crack_detection
Negative\no_crack_0363.jpg,No_Defect,False,crack_detection
Negative\no_crack_0364.jpg,No_Defect,False,crack_detection
Negative\no_crack_0365.jpg,No_Defect,False,crack_detection
Negative\no_crack_0367.jpg,No_Defect,False,crack_detection
Negative\no_crack_0368.jpg,No_Defect,False,crack_detection
Negative\no_crack_0369.jpg,No_Defect,False,crack_detection
Negative\no_crack_0370.jpg,No_Defect,False,crack_detection
Negative\no_crack_0371.jpg,No_Defect,False,crack_detection
Negative\no_crack_0372.jpg,No_Defect,False,crack_detection
Negative\no_crack_0373.jpg,No_Defect,False,crack_detection
Negative\no_crack_0374.jpg,No_Defect,False,crack_detection
Negative\no_crack_0375.jpg,No_Defect,False,crack_detection
Negative\no_crack_0376.jpg,No_Defect,False,crack_detection
Negative\no_crack_0377.jpg,No_Defect,False,crack_detection
Negative\no_crack_0378.jpg,No_Defect,False,crack_detection
Negative\no_crack_0379.jpg,No_Defect,False,crack_detection
Negative\no_crack_0381.jpg,No_Defect,False,crack_detection
Negative\no_crack_0382.jpg,No_Defect,False,crack_detection
Negative\no_crack_0383.jpg,No_Defect,False,crack_detection
Negative\no_crack_0384.jpg,No_Defect,False,crack_detection
Negative\no_crack_0385.jpg,No_Defect,False,crack_detection
Negative\no_crack_0386.jpg,No_Defect,False,crack_detection
Negative\no_crack_0387.jpg,No_Defect,False,crack_detection
Negative\no_crack_0388.jpg,No_Defect,False,crack_detection
Negative\no_crack_0389.jpg,No_Defect,False,crack_detection
Negative\no_crack_0391.jpg,No_Defect,False,crack_detection
Negative\no_crack_0392.jpg,No_Defect,False,crack_detection
Negative\no_crack_0393.jpg,No_Defect,False,crack_detection
Negative\no_crack_0394.jpg,No_Defect,False,crack_detection
Negative\no_crack_0395.jpg,No_Defect,False,crack_detection
Negative\no_crack_0396.jpg,No_Defect,False,crack_detection
Negative\no_crack_0397.jpg,No_Defect,False,crack_detection
Negative\no_crack_0398.jpg,No_Defect,False,crack_detection
Negative\no_crack_0399.jpg,No_Defect,False,crack_detection
Negative\no_crack_0400.jpg,No_Defect,False,crack_detection
Negative\no_crack_0401.jpg,No_Defect,False,crack_detection
Negative\no_crack_0402.jpg,No_Defect,False,crack_detection
Negative\no_crack_0403.jpg,No_Defect,False,crack_detection
Negative\no_crack_0404.jpg,No_Defect,False,crack_detection
Negative\no_crack_0405.jpg,No_Defect,False,crack_detection
Negative\no_crack_0406.jpg,No_Defect,False,crack_detection
Negative\no_crack_0407.jpg,No_Defect,False,crack_detection
Negative\no_crack_0408.jpg,No_Defect,False,crack_detection
Negative\no_crack_0409.jpg,No_Defect,False,crack_detection
Negative\no_crack_0410.jpg,No_Defect,False,crack_detection
Negative\no_crack_0411.jpg,No_Defect,False,crack_detection
Negative\no_crack_0412.jpg,No_Defect,False,crack_detection
Negative\no_crack_0413.jpg,No_Defect,False,crack_detection
Negative\no_crack_0415.jpg,No_Defect,False,crack_detection
Negative\no_crack_0416.jpg,No_Defect,False,crack_detection
Negative\no_crack_0417.jpg,No_Defect,False,crack_detection
Negative\no_crack_0418.jpg,No_Defect,False,crack_detection
Negative\no_crack_0419.jpg,No_Defect,False,crack_detection
Negative\no_crack_0420.jpg,No_Defect,False,crack_detection
Negative\no_crack_0421.jpg,No_Defect,False,crack_detection
Negative\no_crack_0422.jpg,No_Defect,False,crack_detection
Negative\no_crack_0423.jpg,No_Defect,False,crack_detection
Negative\no_crack_0424.jpg,No_Defect,False,crack_detection
Negative\no_crack_0425.jpg,No_Defect,False,crack_detection
Negative\no_crack_0426.jpg,No_Defect,False,crack_detection
Negative\no_crack_0427.jpg,No_Defect,False,crack_detection
Negative\no_crack_0428.jpg,No_Defect,False,crack_detection
Negative\no_crack_0429.jpg,No_Defect,False,crack_detection
Negative\no_crack_0430.jpg,No_Defect,False,crack_detection
Negative\no_crack_0431.jpg,No_Defect,False,crack_detection
Negative\no_crack_0432.jpg,No_Defect,False,crack_detection
Negative\no_crack_0433.jpg,No_Defect,False,crack_detection
Negative\no_crack_0434.jpg,No_Defect,False,crack_detection
Negative\no_crack_0435.jpg,No_Defect,False,crack_detection
Negative\no_crack_0436.jpg,No_Defect,False,crack_detection
Negative\no_crack_0437.jpg,No_Defect,False,crack_detection
Negative\no_crack_0438.jpg,No_Defect,False,crack_detection
Negative\no_crack_0439.jpg,No_Defect,False,crack_detection
Negative\no_crack_0440.jpg,No_Defect,False,crack_detection
Negative\no_crack_0441.jpg,No_Defect,False,crack_detection
Negative\no_crack_0442.jpg,No_Defect,False,crack_detection
Negative\no_crack_0443.jpg,No_Defect,False,crack_detection
Negative\no_crack_0444.jpg,No_Defect,False,crack_detection
Negative\no_crack_0445.jpg,No_Defect,False,crack_detection
Negative\no_crack_0446.jpg,No_Defect,False,crack_detection
Negative\no_crack_0447.jpg,No_Defect,False,crack_detection
Negative\no_crack_0448.jpg,No_Defect,False,crack_detection
Negative\no_crack_0449.jpg,No_Defect,False,crack_detection
Negative\no_crack_0450.jpg,No_Defect,False,crack_detection
Negative\no_crack_0451.jpg,No_Defect,False,crack_detection
Negative\no_crack_0452.jpg,No_Defect,False,crack_detection
Negative\no_crack_0453.jpg,No_Defect,False,crack_detection
Negative\no_crack_0454.jpg,No_Defect,False,crack_detection
Negative\no_crack_0455.jpg,No_Defect,False,crack_detection
Negative\no_crack_0456.jpg,No_Defect,False,crack_detection
Negative\no_crack_0457.jpg,No_Defect,False,crack_detection
Negative\no_crack_0458.jpg,No_Defect,False,crack_detection
Negative\no_crack_0459.jpg,No_Defect,False,crack_detection
Negative\no_crack_0460.jpg,No_Defect,False,crack_detection
Negative\no_crack_0461.jpg,No_Defect,False,crack_detection
Negative\no_crack_0462.jpg,No_Defect,False,crack_detection
Negative\no_crack_0463.jpg,No_Defect,False,crack_detection
Negative\no_crack_0464.jpg,No_Defect,False,crack_detection
Negative\no_crack_0465.jpg,No_Defect,False,crack_detection
Negative\no_crack_0466.jpg,No_Defect,False,crack_detection
Negative\no_crack_0467.jpg,No_Defect,False,crack_detection
Negative\no_crack_0468.jpg,No_Defect,False,crack_detection
Negative\no_crack_0469.jpg,No_Defect,False,crack_detection
Negative\no_crack_0470.jpg,No_Defect,False,crack_detection
Negative\no_crack_0471.jpg,No_Defect,False,crack_detection
Negative\no_crack_0472.jpg,No_Defect,False,crack_detection
Negative\no_crack_0473.jpg,No_Defect,False,crack_detection
Negative\no_crack_0474.jpg,No_Defect,False,crack_detection
Negative\no_crack_0475.jpg,No_Defect,False,crack_detection
Negative\no_crack_0476.jpg,No_Defect,False,crack_detection
Negative\no_crack_0477.jpg,No_Defect,False,crack_detection
Negative\no_crack_0478.jpg,No_Defect,False,crack_detection
Negative\no_crack_0479.jpg,No_Defect,False,crack_detection
Negative\no_crack_0480.jpg,No_Defect,False,crack_detection
Negative\no_crack_0481.jpg,No_Defect,False,crack_detection
Negative\no_crack_0482.jpg,No_Defect,False,crack_detection
Negative\no_crack_0483.jpg,No_Defect,False,crack_detection
Negative\no_crack_0484.jpg,No_Defect,False,crack_detection
Negative\no_crack_0485.jpg,No_Defect,False,crack_detection
Negative\no_crack_0486.jpg,No_Defect,False,crack_detection
Negative\no_crack_0487.jpg,No_Defect,False,crack_detection
Negative\no_crack_0488.jpg,No_Defect,False,crack_detection
Negative\no_crack_0489.jpg,No_Defect,False,crack_detection
Negative\no_crack_0490.jpg,No_Defect,False,crack_detection
Negative\no_crack_0491.jpg,No_Defect,False,crack_detection
Negative\no_crack_0492.jpg,No_Defect,False,crack_detection
Negative\no_crack_0493.jpg,No_Defect,False,crack_detection
Negative\no_crack_0494.jpg,No_Defect,False,crack_detection
Negative\no_crack_0495.jpg,No_Defect,False,crack_detection
Negative\no_crack_0496.jpg,No_Defect,False,crack_detection
Negative\no_crack_0497.jpg,No_Defect,False,crack_detection
Negative\no_crack_0498.jpg,No_Defect,False,crack_detection
Negative\no_crack_0499.jpg,No_Defect,False,crack_detection
Positive\crack_0005.jpg,Crack,True,crack_detection
Positive\crack_0016.jpg,Crack,True,crack_detection
Positive\crack_0017.jpg,Crack,True,crack_detection
Positive\crack_0018.jpg,Crack,True,crack_detection
Positive\crack_0021.jpg,Crack,True,crack_detection
Positive\crack_0023.jpg,Crack,True,crack_detection
Positive\crack_0025.jpg,Crack,True,crack_detection
Positive\crack_0026.jpg,Crack,True,crack_detection
Positive\crack_0032.jpg,Crack,True,crack_detection
Positive\crack_0033.jpg,Crack,True,crack_detection
Positive\crack_0035.jpg,Crack,True,crack_detection
Positive\crack_0036.jpg,Crack,True,crack_detection
Positive\crack_0040.jpg,Crack,True,crack_detection
Positive\crack_0041.jpg,Crack,True,crack_detection
Positive\crack_0042.jpg,Crack,True,crack_detection
Positive\crack_0043.jpg,Crack,True,crack_detection
Positive\crack_0044.jpg,Crack,True,crack_detection
Positive\crack_0045.jpg,Crack,True,crack_detection
Positive\crack_0046.jpg,Crack,True,crack_detection
Positive\crack_0047.jpg,Crack,True,crack_detection
Positive\crack_0049.jpg,Crack,True,crack_detection
Positive\crack_0050.jpg,Crack,True,crack_detection
Positive\crack_0051.jpg,Crack,True,crack_detection
Positive\crack_0052.jpg,Crack,True,crack_detection
Positive\crack_0055.jpg,Crack,True,crack_detection
Positive\crack_0056.jpg,Crack,True,crack_detection
Positive\crack_0057.jpg,Crack,True,crack_detection
Positive\crack_0058.jpg,Crack,True,crack_detection
Positive\crack_0059.jpg,Crack,True,crack_detection
Positive\crack_0060.jpg,Crack,True,crack_detection
Positive\crack_0061.jpg,Crack,True,crack_detection
Positive\crack_0062.jpg,Crack,True,crack_detection
Positive\crack_0064.jpg,Crack,True,crack_detection
Positive\crack_0065.jpg,Crack,True,crack_detection
Positive\crack_0067.jpg,Crack,True,crack_detection
Positive\crack_0069.jpg,Crack,True,crack_detection
Positive\crack_0070.jpg,Crack,True,crack_detection
Positive\crack_0072.jpg,Crack,True,crack_detection
Positive\crack_0073.jpg,Crack,True,crack_detection
Positive\crack_0075.jpg,Crack,True,crack_detection
Positive\crack_0076.jpg,Crack,True,crack_detection
Positive\crack_0077.jpg,Crack,True,crack_detection
Positive\crack_0079.jpg,Crack,True,crack_detection
Positive\crack_0080.jpg,Crack,True,crack_detection
Positive\crack_0081.jpg,Crack,True,crack_detection
Positive\crack_0082.jpg,Crack,True,crack_detection
Positive\crack_0083.jpg,Crack,True,crack_detection
Positive\crack_0084.jpg,Crack,True,crack_detection
Positive\crack_0085.jpg,Crack,True,crack_detection
Positive\crack_0086.jpg,Crack,True,crack_detection
Positive\crack_0087.jpg,Crack,True,crack_detection
Positive\crack_0090.jpg,Crack,True,crack_detection
Positive\crack_0091.jpg,Crack,True,crack_detection
Positive\crack_0092.jpg,Crack,True,crack_detection
Positive\crack_0093.jpg,Crack,True,crack_detection
Positive\crack_0094.jpg,Crack,True,crack_detection
Positive\crack_0098.jpg,Crack,True,crack_detection
Positive\crack_0099.jpg,Crack,True,crack_detection
Positive\crack_0100.jpg,Crack,True,crack_detection
Positive\crack_0102.jpg,Crack,True,crack_detection
Positive\crack_0104.jpg,Crack,True,crack_detection
Positive\crack_0105.jpg,Crack,True,crack_detection
Positive\crack_0107.jpg,Crack,True,crack_detection
Positive\crack_0108.jpg,Crack,True,crack_detection
Positive\crack_0109.jpg,Crack,True,crack_detection
Positive\crack_0110.jpg,Crack,True,crack_detection
Positive\crack_0111.jpg,Crack,True,crack_detection
Positive\crack_0113.jpg,Crack,True,crack_detection
Positive\crack_0114.jpg,Crack,True,crack_detection
Positive\crack_0115.jpg,Crack,True,crack_detection
Positive\crack_0116.jpg,Crack,True,crack_detection
Positive\crack_0117.jpg,Crack,True,crack_detection
Positive\crack_0119.jpg,Crack,True,crack_detection
Positive\crack_0121.jpg,Crack,True,crack_detection
Positive\crack_0122.jpg,Crack,True,crack_detection
Positive\crack_0123.jpg,Crack,True,crack_detection
Positive\crack_0124.jpg,Crack,True,crack_detection
Positive\crack_0125.jpg,Crack,True,crack_detection
Positive\crack_0126.jpg,Crack,True,crack_detection
Positive\crack_0127.jpg,Crack,True,crack_detection
Positive\crack_0128.jpg,Crack,True,crack_detection
Positive\crack_0129.jpg,Crack,True,crack_detection
Positive\crack_0130.jpg,Crack,True,crack_detection
Positive\crack_0132.jpg,Crack,True,crack_detection
Positive\crack_0133.jpg,Crack,True,crack_detection
Positive\crack_0134.jpg,Crack,True,crack_detection
Positive\crack_0136.jpg,Crack,True,crack_detection
Positive\crack_0137.jpg,Crack,True,crack_detection
Positive\crack_0139.jpg,Crack,True,crack_detection
Positive\crack_0140.jpg,Crack,True,crack_detection
Positive\crack_0141.jpg,Crack,True,crack_detection
Positive\crack_0142.jpg,Crack,True,crack_detection
Positive\crack_0143.jpg,Crack,True,crack_detection
Positive\crack_0144.jpg,Crack,True,crack_detection
Positive\crack_0146.jpg,Crack,True,crack_detection
Positive\crack_0147.jpg,Crack,True,crack_detection
Positive\crack_0148.jpg,Crack,True,crack_detection
Positive\crack_0149.jpg,Crack,True,crack_detection
Positive\crack_0150.jpg,Crack,True,crack_detection
Positive\crack_0151.jpg,Crack,True,crack_detection
Positive\crack_0153.jpg,Crack,True,crack_detection
Positive\crack_0154.jpg,Crack,True,crack_detection
Positive\crack_0155.jpg,Crack,True,crack_detection
Positive\crack_0157.jpg,Crack,True,crack_detection
Positive\crack_0158.jpg,Crack,True,crack_detection
Positive\crack_0159.jpg,Crack,True,crack_detection
Positive\crack_0160.jpg,Crack,True,crack_detection
Positive\crack_0162.jpg,Crack,True,crack_detection
Positive\crack_0164.jpg,Crack,True,crack_detection
Positive\crack_0165.jpg,Crack,True,crack_detection
Positive\crack_0166.jpg,Crack,True,crack_detection
Positive\crack_0167.jpg,Crack,True,crack_detection
Positive\crack_0168.jpg,Crack,True,crack_detection
Positive\crack_0169.jpg,Crack,True,crack_detection
Positive\crack_0170.jpg,Crack,True,crack_detection
Positive\crack_0171.jpg,Crack,True,crack_detection
Positive\crack_0174.jpg,Crack,True,crack_detection
Positive\crack_0175.jpg,Crack,True,crack_detection
Positive\crack_0176.jpg,Crack,True,crack_detection
Positive\crack_0177.jpg,Crack,True,crack_detection
Positive\crack_0178.jpg,Crack,True,crack_detection
Positive\crack_0179.jpg,Crack,True,crack_detection
Positive\crack_0180.jpg,Crack,True,crack_detection
Positive\crack_0181.jpg,Crack,True,crack_detection
Positive\crack_0183.jpg,Crack,True,crack_detection
Positive\crack_0184.jpg,Crack,True,crack_detection
Positive\crack_0185.jpg,Crack,True,crack_detection
Positive\crack_0186.jpg,Crack,True,crack_detection
Positive\crack_0187.jpg,Crack,True,crack_detection
Positive\crack_0188.jpg,Crack,True,crack_detection
Positive\crack_0189.jpg,Crack,True,crack_detection
Positive\crack_0191.jpg,Crack,True,crack_detection
Positive\crack_0192.jpg,Crack,True,crack_detection
Positive\crack_0193.jpg,Crack,True,crack_detection
Positive\crack_0194.jpg,Crack,True,crack_detection
Positive\crack_0195.jpg,Crack,True,crack_detection
Positive\crack_0196.jpg,Crack,True,crack_detection
Positive\crack_0197.jpg,Crack,True,crack_detection
Positive\crack_0198.jpg,Crack,True,crack_detection
Positive\crack_0199.jpg,Crack,True,crack_detection
Positive\crack_0200.jpg,Crack,True,crack_detection
Positive\crack_0201.jpg,Crack,True,crack_detection
Positive\crack_0203.jpg,Crack,True,crack_detection
Positive\crack_0205.jpg,Crack,True,crack_detection
Positive\crack_0206.jpg,Crack,True,crack_detection
Positive\crack_0207.jpg,Crack,True,crack_detection
Positive\crack_0208.jpg,Crack,True,crack_detection
Positive\crack_0209.jpg,Crack,True,crack_detection
Positive\crack_0211.jpg,Crack,True,crack_detection
Positive\crack_0212.jpg,Crack,True,crack_detection
Positive\crack_0213.jpg,Crack,True,crack_detection
Positive\crack_0215.jpg,Crack,True,crack_detection
Positive\crack_0216.jpg,Crack,True,crack_detection
Positive\crack_0217.jpg,Crack,True,crack_detection
Positive\crack_0219.jpg,Crack,True,crack_detection
Positive\crack_0221.jpg,Crack,True,crack_detection
Positive\crack_0223.jpg,Crack,True,crack_detection
Positive\crack_0225.jpg,Crack,True,crack_detection
Positive\crack_0226.jpg,Crack,True,crack_detection
Positive\crack_0227.jpg,Crack,True,crack_detection
Positive\crack_0228.jpg,Crack,True,crack_detection
Positive\crack_0229.jpg,Crack,True,crack_detection
Positive\crack_0230.jpg,Crack,True,crack_detection
Positive\crack_0231.jpg,Crack,True,crack_detection
Positive\crack_0233.jpg,Crack,True,crack_detection
Positive\crack_0234.jpg,Crack,True,crack_detection
Positive\crack_0236.jpg,Crack,True,crack_detection
Positive\crack_0237.jpg,Crack,True,crack_detection
Positive\crack_0238.jpg,Crack,True,crack_detection
Positive\crack_0239.jpg,Crack,True,crack_detection
Positive\crack_0240.jpg,Crack,True,crack_detection
Positive\crack_0242.jpg,Crack,True,crack_detection
Positive\crack_0243.jpg,Crack,True,crack_detection
Positive\crack_0244.jpg,Crack,True,crack_detection
Positive\crack_0245.jpg,Crack,True,crack_detection
Positive\crack_0246.jpg,Crack,True,crack_detection
Positive\crack_0247.jpg,Crack,True,crack_detection
Positive\crack_0249.jpg,Crack,True,crack_detection
Negative\no_crack_0361.jpg,Crack,True,crack_detection
Negative\no_crack_0366.jpg,Crack,True,crack_detection
Negative\no_crack_0380.jpg,Crack,True,crack_detection
Negative\no_crack_0390.jpg,Crack,True,crack_detection
Negative\no_crack_0414.jpg,Crack,True,crack_detection
